[{"image":"IMG_3744_jpeg.rf.4c2c0f94f4d4263d46eb8663b82b9bb4.jpg","annotations":[{"label":"scrabble-board","coordinates":{"x":334.265689,"y":315.3523515,"width":456.724562,"height":295.606271}}]},{"image":"IMG_3767_jpeg.rf.043780ddfa9e6656ca47acf34e283821.jpg","annotations":[{"label":"scrabble-board","coordinates":{"x":321.195015,"y":333.748083,"width":376.11587799999995,"height":517.104234}}]},{"image":"IMG_3778_jpeg.rf.13fa0ecf03ef0dc4a8e675dda7c4c8a4.jpg","annotations":[{"label":"scrabble-board","coordinates":{"x":302.457718,"y":359.853746,"width":440.251178,"height":559.772494}}]},{"image":"IMG_3796_jpeg.rf.11a8f6e03c4ebd431c2bdd028d60c84c.jpg","annotations":[{"label":"scrabble-board","coordinates":{"x":342.90841,"y":327.191855,"width":594.18318,"height":440.737886}}]},{"image":"IMG_3743_jpeg.rf.25d1fdf082ce6c875f8cb9ac1ee0b721.jpg","annotations":[{"label":"scrabble-board","coordinates":{"x":313.5241325,"y":302.568904,"width":523.528637,"height":371.842932}}]},{"image":"IMG_3792_jpeg.rf.1d53bee3ada43167577a3c00e538cb7b.jpg","annotations":[{"label":"scrabble-board","coordinates":{"x":310.16773,"y":348.57673,"width":592.072326,"height":298.639984}}]},{"image":"IMG_3754_jpeg.rf.2201113feb42fea92f26183bce67b356.jpg","annotations":[{"label":"scrabble-board","coordinates":{"x":330.00718600000005,"y":390.1782425,"width":608.188764,"height":324.44355500000006}}]},{"image":"IMG_3757_jpeg.rf.0753ae5654667663ab0872acfe5b8811.jpg","annotations":[{"label":"scrabble-board","coordinates":{"x":301.526197,"y":369.09730049999996,"width":489.55013800000006,"height":353.834687}}]},{"image":"IMG_3797_jpeg.rf.464ff844c6ed54a2e63afcf717e360a6.jpg","annotations":[{"label":"scrabble-board","coordinates":{"x":324.9817225,"y":370.895735,"width":573.418337,"height":425.22636}}]},{"image":"IMG_3802_jpeg.rf.0c1b2aab1aecead4bed90ca93de231ad.jpg","annotations":[{"label":"scrabble-board","coordinates":{"x":348.42323,"y":306.2337405,"width":582.7447199999999,"height":335.404411}}]},{"image":"IMG_3741_jpeg.rf.4f98767391f224becb7399e8680baed6.jpg","annotations":[{"label":"scrabble-board","coordinates":{"x":383.907287,"y":286.1078305,"width":428.42549800000006,"height":310.55111700000003}}]},{"image":"IMG_3788_jpeg.rf.3a9bef238d31ce5bc7edbf9f8c93d67f.jpg","annotations":[{"label":"scrabble-board","coordinates":{"x":339.652024,"y":320.06017749999995,"width":600.695952,"height":472.79872699999993}}]},{"image":"IMG_3758_jpeg.rf.4fc4300dbd96e0584987bfa74aefa212.jpg","annotations":[{"label":"scrabble-board","coordinates":{"x":359.817454,"y":304.5760445,"width":453.45949799999994,"height":357.267669}}]},{"image":"IMG_3772_jpeg.rf.3cf0113593724faacc6192c5d2e5a6bb.jpg","annotations":[{"label":"scrabble-board","coordinates":{"x":330.8269465,"y":299.672459,"width":416.565023,"height":506.36271600000003}}]},{"image":"IMG_3787_jpeg.rf.2ab66b419ffe11aab4cd72319c74e8c1.jpg","annotations":[{"label":"scrabble-board","coordinates":{"x":293.1008525,"y":307.75293400000004,"width":586.201705,"height":433.98455400000006}}]},{"image":"IMG_3768_jpeg.rf.407e1c7a15cd5880a4188239ec7f34f4.jpg","annotations":[{"label":"scrabble-board","coordinates":{"x":308.10595950000004,"y":359.4059585,"width":380.619477,"height":497.701781}}]},{"image":"IMG_3780_jpeg.rf.38b34d8087e4867bacb772ea14a34dd6.jpg","annotations":[{"label":"scrabble-board","coordinates":{"x":322.870499,"y":310.3601935,"width":385.7707459999999,"height":544.699575}}]},{"image":"IMG_3773_jpeg.rf.5e229bd0644f3f8eca88914ae10c5a43.jpg","annotations":[{"label":"scrabble-board","coordinates":{"x":326.5873015,"y":334.3915345,"width":410.317461,"height":556.613757}}]},{"image":"IMG_3803_jpeg.rf.5ebb0e1c65814c0633d8136b4e803039.jpg","annotations":[{"label":"scrabble-board","coordinates":{"x":314.3217375,"y":367.1407375,"width":606.634911,"height":447.2029769999999}}]},{"image":"IMG_3752_jpeg.rf.78db8ef3ff1c21609c2bc890a7671569.jpg","annotations":[{"label":"scrabble-board","coordinates":{"x":309.192862,"y":375.412506,"width":511.62858,"height":353.507148}}]},{"image":"IMG_3749_jpeg.rf.79d61ccea42ed8166f4a9bf87eccfd83.jpg","annotations":[{"label":"scrabble-board","coordinates":{"x":324.1949965,"y":295.8519535,"width":600.076429,"height":429.469155}}]},{"image":"IMG_3783_jpeg.rf.7a57ee4dacc65e2b985f96bdbd79a11e.jpg","annotations":[{"label":"scrabble-board","coordinates":{"x":360.991316,"y":294.5367415,"width":558.017368,"height":403.90581299999997}}]},{"image":"IMG_3748_jpeg.rf.82862e07c3f9d2d81731215b9fc06b16.jpg","annotations":[{"label":"scrabble-board","coordinates":{"x":324.21334399999995,"y":362.257903,"width":490.64125999999993,"height":341.888634}}]},{"image":"IMG_3790_jpeg.rf.ac16f20e73a5ced0f02fb26a1bd052d7.jpg","annotations":[{"label":"scrabble-board","coordinates":{"x":323.52962199999996,"y":319.027012,"width":505.694398,"height":379.048552}}]},{"image":"IMG_3765_jpeg.rf.b9c8f614482e8ab92c3ded9867dd796e.jpg","annotations":[{"label":"scrabble-board","coordinates":{"x":313.5639195,"y":324.1942115,"width":544.799509,"height":398.943709}}]},{"image":"IMG_3769_jpeg.rf.912e15a5282e487c374f1d7c990d6303.jpg","annotations":[{"label":"scrabble-board","coordinates":{"x":303.22136950000004,"y":334.54259399999995,"width":384.213139,"height":472.43385799999993}}]},{"image":"IMG_3782_jpeg.rf.83c5013bb0d5ba6f9cc2b0d7a0d68fd2.jpg","annotations":[{"label":"scrabble-board","coordinates":{"x":310.499319,"y":339.9847195,"width":568.8475900000001,"height":380.30149099999994}}]},{"image":"IMG_3763_jpeg.rf.a13817472fa4b2a5dfbbfbae2a403e46.jpg","annotations":[{"label":"scrabble-board","coordinates":{"x":315.811374,"y":374.545471,"width":528.62501,"height":293.217152}}]},{"image":"IMG_3747_jpeg.rf.66cd2c92b9fbcaa32cf473bd79088a25.jpg","annotations":[{"label":"scrabble-board","coordinates":{"x":298.8155605,"y":305.1625825,"width":419.68982500000004,"height":335.999001}}]},{"image":"IMG_3799_jpeg.rf.b003f72a1f98d764bafcf056135984b2.jpg","annotations":[{"label":"scrabble-board","coordinates":{"x":318.6444745,"y":378.0266965,"width":606.8642130000001,"height":415.77541299999996}}]},{"image":"IMG_3761_jpeg.rf.994dfb5a91d8c35e6af0f53ed8a4308e.jpg","annotations":[{"label":"scrabble-board","coordinates":{"x":327.924617,"y":363.917694,"width":370.78406599999994,"height":466.470276}}]},{"image":"IMG_3776_jpeg.rf.80a40169f1a682fee54a9dcb798c10e6.jpg","annotations":[{"label":"scrabble-board","coordinates":{"x":341.380491,"y":289.716582,"width":401.682738,"height":579.433164}}]},{"image":"IMG_3734_jpeg.rf.929d5ced3193f583a9fc8d6e7713eb68.jpg","annotations":[{"label":"scrabble-board","coordinates":{"x":329.12985199999997,"y":303.4040475,"width":582.026268,"height":399.586007}}]},{"image":"IMG_3784_jpeg.rf.ccd0a111efb37a6103b98bced093b21d.jpg","annotations":[{"label":"scrabble-board","coordinates":{"x":303.1401925,"y":271.5607135,"width":553.837929,"height":306.446347}}]},{"image":"IMG_3791_jpeg.rf.90afcb7d290862b817d36985f4e03baf.jpg","annotations":[{"label":"scrabble-board","coordinates":{"x":303.7606595,"y":312.3096255,"width":532.376315,"height":384.158143}}]},{"image":"IMG_3735_jpeg.rf.8e6b87ae9fddc2596cd7d0bd982d1d6d.jpg","annotations":[{"label":"scrabble-board","coordinates":{"x":320,"y":314.108926,"width":640,"height":324.832046}}]},{"image":"IMG_3738_jpeg.rf.a493484c22b7e28e54c677a304dec46a.jpg","annotations":[{"label":"scrabble-board","coordinates":{"x":340.741831,"y":310.58826300000004,"width":592.5642859999999,"height":429.44412000000005}}]},{"image":"IMG_3801_jpeg.rf.8d66c21858538c7304e5867ea37efe0d.jpg","annotations":[{"label":"scrabble-board","coordinates":{"x":317.9399535,"y":339.42238299999997,"width":567.136133,"height":423.919938}}]},{"image":"IMG_3759_jpeg.rf.a46b8a7968b6cf2d156ddaea1270f18a.jpg","annotations":[{"label":"scrabble-board","coordinates":{"x":325.4441885,"y":321.44994299999996,"width":460.553889,"height":364.69199399999997}}]},{"image":"IMG_3746_jpeg.rf.c68b34579d6c14a335e7b9fd5c443eac.jpg","annotations":[{"label":"scrabble-board","coordinates":{"x":345.44257849999997,"y":274.3512215,"width":442.040215,"height":245.27764100000002}}]},{"image":"IMG_3786_jpeg.rf.65c29b41f3279c5bd6ba43b4a4328c07.jpg","annotations":[{"label":"scrabble-board","coordinates":{"x":310.69101650000005,"y":342.549536,"width":576.899087,"height":407.22525199999995}}]},{"image":"IMG_3745_jpeg.rf.d2d5b4350054192c60931b7ceca08f10.jpg","annotations":[{"label":"scrabble-board","coordinates":{"x":334.51959750000003,"y":286.24999149999996,"width":407.111099,"height":331.151951}}]},{"image":"IMG_3762_jpeg.rf.cbc7dd9021e3333912724e1539cf4ea8.jpg","annotations":[{"label":"scrabble-board","coordinates":{"x":306.012361,"y":367.499187,"width":380.014812,"height":476.12686400000007}}]},{"image":"IMG_3751_jpeg.rf.dbe1a4a9a6fc55c6f447526161d4f015.jpg","annotations":[{"label":"scrabble-board","coordinates":{"x":321.3938185,"y":325.1164945,"width":586.3622449999999,"height":432.102907}}]},{"image":"IMG_3770_jpeg.rf.d86f84bccf67bad1137f6492c496804b.jpg","annotations":[{"label":"scrabble-board","coordinates":{"x":328.4499105,"y":336.6386745,"width":384.25657500000005,"height":522.566221}}]},{"image":"IMG_3800_jpeg.rf.f4ad8128c01e42b6f3e1debe179b7a94.jpg","annotations":[{"label":"scrabble-board","coordinates":{"x":363.3149735,"y":353.1295415,"width":553.370053,"height":426.11808499999995}}]},{"image":"IMG_3781_jpeg.rf.e919c40a3982a00d14d722210cbee64e.jpg","annotations":[{"label":"scrabble-board","coordinates":{"x":322.2317605,"y":331.546971,"width":626.5783170000001,"height":291.975956}}]},{"image":"IMG_3771_jpeg.rf.f98c5f342e0dd45596c0b28fbb774462.jpg","annotations":[{"label":"scrabble-board","coordinates":{"x":315.9838345,"y":383.96946,"width":408.26433699999995,"height":510.827298}}]},{"image":"IMG_3753_jpeg.rf.fa19643376d1774f59254680f437de34.jpg","annotations":[{"label":"scrabble-board","coordinates":{"x":295.54975,"y":326.148528,"width":478.93184,"height":375.05685000000005}}]},{"image":"IMG_3779_jpeg.rf.fa4b2396622dbee743393d5affda956c.jpg","annotations":[{"label":"scrabble-board","coordinates":{"x":287.9919245,"y":293.7283025,"width":413.851891,"height":570.2637510000001}}]}]